{
  "product-introduction/glossary.md": {
    "hash": "b2bce96d027166f6e4554d79ac0a5b0834cca7093c01c63d85c66375a9899723",
    "last_translated": "2025-04-07T18:07:04.320597",
    "translation_time": 130.41,
    "usage": {
      "prompt_tokens": 4500,
      "completion_tokens": 2827,
      "total_tokens": 7327,
      "prompt_price": 0.0036,
      "completion_price": 0.005654,
      "total_price": 0.009254,
      "currency": "USD"
    }
  }
}