{
  "scene/visual-chart/chart-query.md": {
    "hash": "d17806ecbc188b5137872983b402391a3ce4bef1668095930408e907dd3f8f43",
    "last_translated": "2025-04-08T15:40:33.969654",
    "translation_time": 141.84,
    "usage": {
      "prompt_tokens": 4349,
      "completion_tokens": 2708,
      "total_tokens": 7057,
      "prompt_price": 0.0034792,
      "completion_price": 0.005416,
      "total_price": 0.0088952,
      "currency": "USD"
    }
  }
}